,DateTime,Tweet Id,Tweet,Username,Location
0,2021-02-12 08:23:48+00:00,1360142548904284160,"Kementerian BUMN telah cara mengeluarkan surat edaran terkait larangan kepada pegawai BUMN untuk berpergian ke luar kota saat libur panjang 12-14 Februari 2021""

Bersama Sukseskan PPKM, yuk #TetapDirumahSaja

-Erick Thohir, B.A., M.B.A.-
Menteri BUMN https://t.co/2qC89VIUEy",sentani_humas,"Papua, Indonesia"
1,2021-02-12 05:45:21+00:00,1360102674658521090,"Kementerian BUMN telah cara mengeluarkan surat edaran terkait larangan kepada pegawai BUMN untuk berpergian ke luar kota saat libur panjang 12-14 Februari 2021""

Bersama Sukseskan PPKM, yuk #TetapDirumahSaja

-Erick Thohir, B.A., M.B.A.-
Menteri BUMN https://t.co/eWXmvnWmLC",polsek_sentani,sentani kab.jayapura
2,2019-05-19 11:09:44+00:00,1130068011421818880,"3). Hal ini Membuktikan Keseriusan dr Prnyataan Seorang Gub Prov Papua, Bpk Lukas Enembe, S.IP. M.Hum, saat seusai dilantik sbg Gub Prov Papua di Jkt o/ Presiden RI, Bpk @jokowi Thn 2018 lalu : ""SUARA TIGA JUTA DI PAPUA, KITA BUNGKUS KASIH KE JOKOWI"". cc : @66Hasto @erickthohir",ar_alexramandey,"Papua - Ambon - Jakarta,"
3,2019-05-19 10:59:50+00:00,1130065520479199232,"2). Untuk Pemilu Presiden dan Wakil Presiden Ditetapkan Pasangan Nomor Urut 1 @Jokowi_Amin Menang Telak di Provinsi Papua dengan Perolehan Suara : 3.021713 Suara dan Pasangan @adilmakmur02 : 331.352 Suara,
#JokowiMenangDiProvinsiPapua
cc : @66Hasto @erickthohir @kangdede78",ar_alexramandey,"Papua - Ambon - Jakarta,"
4,2022-12-13 12:48:17+00:00,1602646590199828480,"@TelkomCare @TelkomIndonesia @KemenBUMN @erickthohir @kemkominfo @IndiHome sudah 1 bulan jaringan internet indihome lambat, padahal saya lganan 30mbps. Sdh 3x sy lapor tapi tetap lambat.",dolfi_kalempouw,"Papua, Indonesia"
5,2022-10-21 01:42:46+00:00,1583272551610224640,"CC: @Kemenparekraf @ganjarpranowo @KemensosRI @KemenBUMN @erickthohir @jokowi
#FolloForFolloBack 
#cintailahprodukindonesia
#ramahlingkungan
#homeproduction
#umkm https://t.co/DcEEY3T4gB",devy_rahawarin,
6,2022-10-08 06:48:08+00:00,1578638356246065152,"Jaringan kabel sdh masuk dlm Kampung (Kampung Pelangi/Kaye, Distrik Agats, Kan. Asmat) dari sejak 2021 tp aliran listriknya masih blm ada. Jadi, dipastikan Kampung yg dekat dgn Kota Agats ini masih menggunakan Genset &amp; Lilin/pelita bahkan lampu cash (solarsel).
CC: @erickthohir https://t.co/ebLLw10U5s",devy_rahawarin,
7,2022-09-30 00:54:03+00:00,1575650143558586369,"@NgkongRoses @Cintada16 @erickthohir Hasil kerja yg baik, dgn mengorbakan masyarakat banyak, itu tdk di bilang baik,
Yg di bilang baik? Tdk sengsara kan rakyat, dgn harga minyak tinggi bosku.",Jeksandra81,"Papua, Indonesia"
8,2022-09-12 22:34:14+00:00,1569454364955414528,@CNNIndonesia Urus dulu kelangkaan BBM pertalite dan solar di papua woiiiiii sudah hampir setahun ini ngantri sdh begitu kata petugas spbu karena pake di batas2i oleh pertamina@erickthohir @jokowi @erickthohir @pertamina @pertaminamalupa,Jamalirawanwid1,
9,2022-09-12 22:28:42+00:00,1569452971188191237,"@CNNIndonesia BBM naik sama aja di papua tetap langka apalagi solar dan pertalite sdh begitu dibatas batasi pertamina oh pertamina @jokowi @karniilyasclub @erickthohir  padahal ini di kota jayapura ibukota propinsi,baku tipu rame sj kalian @pertamina@erickthohir",Jamalirawanwid1,
10,2022-08-31 13:44:41+00:00,1564972445856960512,@erickthohir @jokowi @IDFreeport Mari kita jaga bersama - sama dan semoga didalam pengembangannya harus betul2 yg bertalenta yg masuk jangn karna faktor keluarga sebb sepakbola di Papua hancur karna begitu.,JORY16434665,Jayapura - Papua
11,2022-08-31 13:44:41+00:00,1564972445856960512,@erickthohir @jokowi @IDFreeport Mari kita jaga bersama - sama dan semoga didalam pengembangannya harus betul2 yg bertalenta yg masuk jangn karna faktor keluarga sebb sepakbola di Papua hancur karna begitu.,JORY16434665,Jayapura - Papua
12,2022-08-31 09:34:06+00:00,1564909382701264898,"Persiapan peluncuran Teknologi 5G Mining PT. Freeport Indonesia oleh Bapak Presiden RI @jokowi &amp; Bapak Menteri BUMN @erickthohir
👏🏽 #indonesiamaju #freeportindonesia #PTFI #mining #BUMNUntukIndonesia https://t.co/JBt2lVqjTm",Imonk_19,"Timika, Papua, Indonesia"
13,2022-08-30 07:16:04+00:00,1564512258990174209,@erickthohir @jokowi @pramonoanung @bahlillahadalia God bless you 😇,HelenHermelina,"Papua, Indonesia"
14,2022-08-25 09:25:56+00:00,1562733001708310529,"Idolanya, kita Papua for Presiden 2024, KK ( Erick Thohir) https://t.co/XwOUtausI4",DpwEtor,
15,2022-08-09 12:22:49+00:00,1556979309579243523,@erickthohir @TukangMu @KemenPU Salam hormat Pak. https://t.co/JB7U4Bk4g4,devy_rahawarin,
16,2022-08-04 03:31:03+00:00,1555033549065306112,@erickthohir Siiiaaap Abangku mentri yang baik hati😍🙏salam horma dari papua,heluka_onesimus,"Papua, Indonesia"
17,2022-07-02 09:48:03+00:00,1543169621137641472,@dnayza1212 @dabenone2 @PartaiUmmatSby @Ummat_DIY @partaiummat_ks @JawaUmmat @DPPGardaummat @erickthohir @Ummat_KotaDepok @UMMAT_KALSEL @Ummat_Jaksel Siap.,dpd_PUKabNabire,Papua Tengah
18,2022-07-02 08:24:05+00:00,1543148492855463936,@dabenone2 @1keadilan @PartaiUmmatSby @Ummat_DIY @partaiummat_ks @JawaUmmat @DPPGardaummat @erickthohir @Ummat_KotaDepok @UMMAT_KALSEL @Ummat_Jaksel Atas ijinNYA kami melangkah.,dpd_PUKabNabire,Papua Tengah
19,2022-06-01 13:24:37+00:00,1531990098878771202,@erickthohir @abi_sasaLL @yennywahid Keren Bu @yennywahid 🙏,N_i_u_584,"Papua Barat, Indonesia"
20,2022-06-01 13:24:37+00:00,1531990098878771202,@erickthohir @abi_sasaLL @yennywahid Keren Bu @yennywahid 🙏,N_i_u_584,"Papua Barat, Indonesia"
21,2022-05-31 04:03:40+00:00,1531486542924877824,@erickthohir https://t.co/qDAKs0Sns1,sekolahadat,
22,2022-05-31 04:00:37+00:00,1531485776722071559,@erickthohir,sekolahadat,
23,2022-05-24 02:13:11+00:00,1528922025787437057,"@chaterine_lie27 @_riverheaven @erickthohir @Kevanlie88 @AntoniusCDN @seruanhl @MARV3LLL @JARICK___ @Aprilia_wiji @Sagita_Star @Mira_SasMiita @bukan_main_ @HendriS90 #Jokowi
#IndonesiaBangkit",N_i_u_584,"Papua Barat, Indonesia"
24,2022-05-24 02:13:11+00:00,1528922025787437057,"@chaterine_lie27 @_riverheaven @erickthohir @Kevanlie88 @AntoniusCDN @seruanhl @MARV3LLL @JARICK___ @Aprilia_wiji @Sagita_Star @Mira_SasMiita @bukan_main_ @HendriS90 #Jokowi
#IndonesiaBangkit",N_i_u_584,"Papua Barat, Indonesia"
25,2022-05-20 11:15:54+00:00,1527609052964204544,@hamaro_id @erickthohir 🙄 https://t.co/B0ScOeFLNt,devy_rahawarin,
26,2022-05-20 11:10:02+00:00,1527607576426598400,@hamaro_id @erickthohir Sponsorshipnya dari mana aja om...🙄,devy_rahawarin,
27,2022-05-20 11:08:51+00:00,1527607280023535616,@hamaro_id @erickthohir https://t.co/PdMDk9pbfB,devy_rahawarin,
28,2022-03-26 01:49:51+00:00,1507535267485589504,@penggiat_sambat @erickthohir Luar biasa indonesia,brury55,
29,2022-02-01 02:03:23+00:00,1488332116609753090,@erickthohir Amin,brury55,
30,2022-01-03 13:23:36+00:00,1477994053719388160,@kenhans03 @erickthohir Indahnya keharmonisan dlm keberagaman....jika kita selalu terapkan dlm kehidupan kita maka damai akan tercipta n perbedaan yg ada menjadikan kita satu dlm bingkai Bhineka Tunggal Ika.,fitritodingallo,
31,2021-12-22 01:19:38+00:00,1473463207373148162,"Hadir juga Pak Erick Thohir  di hari ke- 8, yang berbicara mengenai ""On Literacy: Turning The Wheel of Wealth“. Acara ini berlangsung sukses dan menghadirkan euforia masyarakat mengenai Sarinah
Sampai bertemu di opening Sarinah pada Maret 2022
#TransformasiSarinah
#SarinahJaktent",BUMN_Biak_Ayo,
32,2021-12-20 03:45:13+00:00,1472775067083829249,"Sobat BUMN, 

Menteri BUMN Erick Thohir, menyampaikan bahwa tantangan dunia saat ini tak ubahnya seperti yang terjadi dalam film-film besutan Marvel yakni Avengers dan Eternals. Hal ini disampaikan saat menghadiri peresmian gerakan Akselerasi Generasi Digital di JCC, Senayan. https://t.co/1Smcshk5DV",BUMN_Biak_Ayo,
33,2021-12-14 23:01:14+00:00,1470891659038625792,@_pln_id @erickthohir Selamat dan Sukses selalu pak,Khiel_gfc03,papua
34,2021-12-14 13:09:52+00:00,1470742837406810113,@_pln_id @erickthohir mantul parah sih 👍🏾,catur_reza,Jayapura
35,2021-12-13 02:47:50+00:00,1470223911568621571,Erick Thohir yang juga Ketua Umum Masyarakat Ekonomi Syariah dinilai konsisten memberikan upaya konkrit dalam upaya membangkitkan ekonomi umat.,BUMN_Biak_Ayo,
36,2021-12-09 01:23:00+00:00,1468753010469662724,"Gila! Gila! Gila! Saking langka dan susahnya cari bright gas/gas Elpiji di JAYAPURA sampai nongkrong di SPBU! Itupun masih gak dapet! 😶
cc boss BUMN dulu @erickthohir  #Jayapura #BUMNUntukIndonesia #bumnteruskerja #Pertamina",_adechan,"Papua, Indonesia"
37,2021-12-09 01:11:05+00:00,1468750011894677509,"Sudah 2 hari keliling kota Jayapura cari bright gas, selalu kosong. Begitu ada, ternyata sudah barang keep-an orang. Sampai nongkrong di SPBU gak dapat juga. Ini bagaimana supply-nya? #ibuibugalau @pertamina  @erickthohir",_adechan,"Papua, Indonesia"
38,2021-11-12 15:55:09+00:00,1459188022415556610,"Dialog tertutup FPHS akan geruduk Kantor Bupati Mimika Senin besok https://t.co/SOt2IEM7hI 🔥🔥🔥
@jokowi @LaporKemendagri @titokarnavian_ @bahlillahadalia @erickthohir @LuhutPenjahitan 
@KementrianR",putrabanti,"Papua, Indonesia"
39,2021-10-11 05:50:25+00:00,1447439426087370754,"Dogiyai _ Papua.
Jaringan Telkomsel Buruk.
Jangankan Telpon mau SMS saja stengah mati.
Sa tidak bicara soal internet sebab su ada wacana.

@KemenBUMN 
@Telkomsel 
@TelkomIndonesia 
@jokowi 
@erickthohir",Dondo_93,"Dogiyai, Papua"
40,2021-02-12 05:36:10+00:00,1360100364066852866,"Kementerian BUMN telah cara mengeluarkan surat edaran terkait larangan kepada pegawai BUMN untuk berpergian ke luar kota saat libur panjang 12-14 Februari 2021""

Bersama Sukseskan PPKM, yuk #TetapDirumahSaja

-Erick Thohir, B.A., M.B.A.-
Menteri BUMN https://t.co/gbF7vAQGTZ",ResAsmat,"Papua, Indonesia"
41,2021-02-12 05:13:05+00:00,1360094553743581188,"Kementerian BUMN telah cara mengeluarkan surat edaran terkait larangan kepada pegawai BUMN untuk berpergian ke luar kota saat libur panjang 12-14 Februari 2021""

Bersama Sukseskan PPKM, yuk #TetapDirumahSaja

-Erick Thohir, B.A., M.B.A.-
Menteri BUMN https://t.co/1rkIakI6MA",JayapuraKota,"Papua, Indonesia"
42,2020-09-10 06:36:57+00:00,1303945540606992384,"TNI-Polri harus memastikan 83.000 titik kelurahan dan desa juga turut andil dalam memutus mata rantai Covid-19. Karena mengakhiri pandemic harus melibatkan semua komponen. 
#Disiplin3MutkPilkadaSehat

Erick Thohir
Menteri BUMN https://t.co/4uj0zGh1L2",PolresBodi,"Papua, Indonesia"
43,2020-09-10 03:47:02+00:00,1303902780361302016,"TNI-Polri harus memastikan 83.000 titik kelurahan dan desa juga turut andil dalam memutus mata rantai Covid-19. Karena mengakhiri pandemic harus melibatkan semua komponen. 
#Disiplin3MutkPilkadaSehat

Erick Thohir
Menteri BUMN https://t.co/6dqB0QUdr3",JayapuraKota,"Papua, Indonesia"
44,2020-06-09 11:49:19+00:00,1270322077585641473,"Muantaaaaaabbb Pak De @jokowi n Koh @basuki_btp!!!!

Salam 4 jempol buat @erickthohir 

👍🏻👍🏻👍🏻👍🏻",budi_ranu,
45,2020-02-21 00:56:52+00:00,1230657607414636544,@Gladislagiwoy @erickthohir @_NadiemMakarim @wishnutama 😅😅😅,JeckyWelikin,"Papua, Indonesia"
46,2020-02-04 02:17:26+00:00,1224517286645518336,"Manuver 100 Hari Erick Thohir👍🌹🇲🇨
https://t.co/udndWCz6J0",Stella_Gobel29,"Papua, Indonesia"
47,2020-01-08 02:03:04+00:00,1214729200482967552,"@UllbimaNtb @SBYudhoyono Naini satu persatu sudah mulai muncul ke permukaan.. (.....) 
Memang benar apa yang di katakan Pak @erickthohir semua mulai kepanasan ini ... 😅😅",JeckyWelikin,"Papua, Indonesia"
48,2019-12-31 08:42:53+00:00,1211930713936674816,@eRVianty74 @WagimanDeep @erickthohir @Jiwasraya @KSPgoid 😅😅👍👍,JeckyWelikin,"Papua, Indonesia"
49,2019-12-31 07:59:15+00:00,1211919732854513669,@eRVianty74 @WagimanDeep @erickthohir @Jiwasraya @KSPgoid Langsung nikah boleh nanti bagus apaaa 😅😅,JeckyWelikin,"Papua, Indonesia"
50,2019-12-14 09:17:26+00:00,1205778814904569861,@WondersWoman1 @asundamai @erickthohir Wah mantap mba,JeckyWelikin,"Papua, Indonesia"
51,2019-12-14 08:23:12+00:00,1205765166853287936,"@WondersWoman1 @Takirosopo @erickthohir @KomnasPerempuan @ikagiofficial Terimakasih mba... 

🤝☺️",JeckyWelikin,"Papua, Indonesia"
52,2019-12-09 15:35:55+00:00,1204062123514445824,@jokowi Menteri BUMN Pak @erickthohir dan Menteri Pendidikan Pak @Nadiem_Makarim .. Salam Hormat   Dari Nabire Papua 🙏🙏,JeckyWelikin,"Papua, Indonesia"
53,2019-12-09 13:35:16+00:00,1204031763502157825,@digeeembok @erickthohir Gibahan terhot ni @WahyuuuPratama @J_Madridis7a @SamuelCh09 @paceaw123,Paramean_7,"Wamena, Papua, Indonesia"
54,2019-12-05 23:25:42+00:00,1202730797838417920,"@MataNajwa Mantap pak @erickthohir , lanjutkan terus!",Srintil_L,"Papua, Indonesia"
55,2019-11-16 20:19:08+00:00,1195798477797638144,@AtikaFaya @KemenBUMN @erickthohir Apa yg darurat buah..??? Sampe pake tulisan save Pertamina...🤣🤣🤣,Paolo95954454,
56,2019-10-27 23:58:33+00:00,1188605939521409024,@Gus_Raharjo @erickthohir Bapak panutanquee,NickyGano,"Timika, Papua"
57,2019-05-19 11:14:04+00:00,1130069104235241472,"4). Jadi Apa yang dikatakan oleh Seorang Gubernur Prov Papua, Bpk @Lukas_Enembe telah terjadi adaNya ""JOKOWI MENANG TELAK di Provinsi Papua"",
.
@jokowi #MenangDiProvinsiPapua
#SelanjutNyaMenantikanHasilPiLegDPRRIDapilPapua 
cc : @66Hasto @erickthohir @kangdede78 https://t.co/ZOneO26Scp",ar_alexramandey,"Papua - Ambon - Jakarta,"
58,2019-01-17 07:56:37+00:00,1085808093714235393,@erickthohir Saya mau anda Jodi bumerang bagi 02,Konstan87367839,
59,2018-10-27 13:25:13+00:00,1056174983825645568,Erick Thohir soal politisi 'sontoloyo': Jokowi tak ingin rakyat dibohongi | https://t.co/LFtm76bd7P https://t.co/DY2M9QmiaY,Udin36368244,
60,2018-08-18 13:10:16+00:00,1030804072595476480,"Erick Thohir, ini orang hebat banget sih. Awalnya gue tau kalau
doi sebagai pemilik Klub basket SM sih..",arf_prakoso,Tangerang Selatan to Jayapura
61,2021-09-27 17:15:48+00:00,1442538476839211014,"Trim's.
Tidak lebih dari 1 jam seteleh sa hubungi 📞123 dong datang perbaiki meteran yang tra bisa input nomor token listrik.

@erickthohir
@KemenBUMN
@pln_123 
@infoPLN
#pln_Nabire https://t.co/oWKWpSIlnY",Dondo_93,"Dogiyai, Papua"
